{"cameraMode":{"drawMode":0,"name":"Shaded","section":"Shading Mode"},"sceneLighting":true,"audioPlay":false,"sceneViewState":{"showFog":true,"showMaterialUpdate":false,"showSkybox":true,"showFlares":true,"showImageEffects":true,"showParticleSystems":true},"in2DMode":false,"pivot":{"x":2.1251564025878908,"y":26.477867126464845,"z":-2.2447128295898439},"rotation":{"x":0.02105647139251232,"y":-0.15026654303073884,"z":0.0032813288271427156,"w":0.9884510636329651},"size":38.600059509277347,"orthographic":false}